id	error
0417_00002	3.565696339514248
0417_00054	1.6511639240846447
0417_00069	1.6809526977318416
0417_00084	2.1742020767402996
