id	error
0402_00359	1.3858184469745776
0402_00368	1.3620598739761136
0402_00375	1.3432602536343938
0402_00376	1.6779270467661593
0402_00388	1.6640460081860056
0402_00415	1.38768024820275
0402_00424	1.9223931952289846
0402_00467	1.476094747288998
0402_00480	1.3017304015865285
0402_00504	1.3933698885161467
0402_00511	2.113039324438026
0402_00518	1.5928691829835318
0402_00520	1.6933920028501404
