id	error
0404_00037	6.60693316456035
0404_00059	7.077239649466387
0404_00077	5.558865157583437
0404_00086	8.462888992078815
