id	error
0393_00037	6.60693316456035
0393_00059	7.077239649466387
0393_00077	5.558865157583437
0393_00086	8.462888992078815
