id	error
0393_00025	10.572796017258659
0393_00032	10.232079980413339
