id	error
0416_00027	1.3740979447417105
0416_00061	1.4705137879114085
0416_00075	2.811739653848008
