id	error
0403_00391	1.288440930767341
0403_00398	1.3395040731239947
0403_00404	1.4089524157418265
0403_00408	1.9733309374313235
0403_00416	1.340687945093539
0403_00422	1.2958204700373357
0403_00442	1.5313901920162205
0403_00456	1.4925648709019579
0403_00549	1.91973847714616
0403_00559	1.5507060998148088
