id	error
draft_59657_00006	14.501284276110038
draft_59657_00013	4.4158000740461585
draft_59657_00051	6.726554718281427
draft_59657_00067	4.279671942623368
draft_59657_00105	4.367419406963986
draft_59657_00135	4.416347870412757
draft_59657_00155	7.841506168011897
draft_59657_00159	4.515543658055364
draft_59657_00172	6.481220501193686
draft_59657_00173	7.794302644621615
draft_59657_00182	8.051159421109423
draft_59657_00204	9.72353492315557
