id	error
draft_59657_00006	13.064126652584259
draft_59657_00007	7.390908801844368
draft_59657_00049	5.199125364265793
draft_59657_00051	7.797958983157409
draft_59657_00067	5.384623814581351
draft_59657_00079	4.987701794788124
draft_59657_00135	4.976105343302423
draft_59657_00155	7.035788582150076
draft_59657_00172	5.328791258075842
draft_59657_00173	6.671779474108616
draft_59657_00177	5.698478848702342
draft_59657_00182	8.945905145900008
draft_59657_00204	9.406407789097942
