id	error
draft_59657_00006	14.01066904797051
draft_59657_00049	6.457301087852423
draft_59657_00051	7.671890966171425
draft_59657_00063	4.92659926974212
draft_59657_00067	5.08721593190546
draft_59657_00079	4.835664537440044
draft_59657_00105	4.612538741460092
draft_59657_00155	9.03942644674948
draft_59657_00161	4.675863873235386
draft_59657_00172	7.779019851469947
draft_59657_00173	7.204559705685048
draft_59657_00182	6.592613779710893
draft_59657_00204	9.591379221929838
