id	error
0430_00001	3.553136731263364
0430_00003	3.898153419672724
0430_00008	4.37227265658025
0430_00026	4.333519572563402
