id	error
0432_00114	15.882161355095338
0432_00199	12.7632489473755
0432_00209	15.641986871941455
0432_00211	17.37142247191716
0432_00213	15.074268542715766
0432_00214	13.484432338237507
0432_00215	16.951978207118767
