id	error
0419_00007	1.758848869349817
0419_00063	1.358351230312592
0419_00067	1.6328612954286363
0419_00096	1.6313110523916041
0419_00114	1.9333604565207443
0419_00115	2.291896260759006
0419_00135	1.4567771305101873
0419_00139	1.332651967453054
0419_00152	1.5785707338870498
0419_00154	1.389362075479033
