id	error
draft_43009_00008	6.345095842806036
draft_43009_00018	9.863570788756078
draft_43009_00047	9.230005734744198
draft_43009_00050	10.324998908698689
