id	error
0435_00212	17.35869695395509
0435_00361	15.833261612419182
0435_00367	16.376034181751777
0435_00371	18.236664256865566
