id	error
0423_00043	7.222592257623262
0423_00044	5.8670864136300835
