id	error
0055_00014	1.5001967442055637
0055_00023	1.2306291832222758
0055_00032	1.516260168983512
0055_00042	2.3292073341039905
0055_00068	1.6141054060163151
0055_00074	1.3701559248469686
0055_00094	1.4685179166344366
0055_00111	1.650968889601749
0055_00115	1.3497630465815926
0055_00119	1.634867480747114
0055_00120	2.184823431818418
0055_00125	1.4895345837169232
0055_00127	1.3755191670837255
0055_00164	2.8314988548802296
