id	error
0409_00001	6.2783828084742614
0409_00032	5.612009507647063
0409_00087	5.003358125323041
0409_00089	6.139218538844517
0409_00090	7.906228519363086
0409_00091	13.604553679101116
