id	error
0405_00017	7.4806562330752655
0405_00018	8.078168142159617
0405_00021	4.81448191265482
0405_00029	6.035957976607542
0405_00033	7.15186002619301
0405_00043	4.9616858422646315
0405_00060	11.424566818382706
