id	error
0426_00021	2.4190262124679762
0426_00044	2.311514805814289
0426_00049	5.170954233000872
