id	error
0420_00009	7.201631500451883
0420_00031	7.204499747248548
0420_00033	12.318652845928932
0420_00077	8.794758936794421
0420_00160	7.358797556728149
0420_00161	9.984997348965251
0420_00162	10.18499734896525
0420_00163	8.016733519690959
0420_00165	8.482674469577088
0420_00166	12.47007529721381
0420_00168	14.589924492819502
0420_00169	10.986055623814664
