id	error
draft_01362_00043	7.222592257623262
draft_01362_00044	5.8670864136300835
