id	error
draft_01362_00009	7.201631500451883
draft_01362_00031	7.204499747248548
draft_01362_00033	12.318652845928932
draft_01362_00077	8.794758936794421
draft_01362_00160	7.358797556728149
draft_01362_00161	9.984997348965251
draft_01362_00162	10.18499734896525
draft_01362_00163	8.016733519690959
draft_01362_00165	8.482674469577088
draft_01362_00166	12.47007529721381
draft_01362_00168	14.589924492819502
draft_01362_00169	10.986055623814664
