id	error
draft_01362_00001	2.3111998074688023
draft_01362_00012	2.029844469729992
draft_01362_00019	1.139449676767498
