id	error
draft_01362_00001	6.2783828084742614
draft_01362_00032	5.612009507647063
draft_01362_00087	5.003358125323041
draft_01362_00089	6.139218538844517
draft_01362_00090	7.906228519363086
draft_01362_00091	13.604553679101116
