id	error
draft_01362_00027	1.3740979447417105
draft_01362_00061	1.4705137879114085
draft_01362_00075	2.811739653848008
