id	error
draft_01362_00010	4.770313536392441
draft_01362_00014	4.469921592072231
draft_01362_00017	5.772944849177966
draft_01362_00021	5.3689822388224435
draft_01362_00039	4.432694320439646
draft_01362_00040	6.107332481184306
draft_01362_00043	4.9982627431802396
draft_01362_00045	6.006227823524695
draft_01362_00049	8.282889055011491
draft_01362_00051	11.586563420479248
