id	error
draft_01362_00005	1.4442234518397394
draft_01362_00029	1.4968496353571343
draft_01362_00071	1.4201801366043663
draft_01362_00077	2.000683043009838
draft_01362_00078	1.540316014590795
