id	error
draft_01362_00001	2.3438682353162243
draft_01362_00004	4.833010264774078
draft_01362_00005	2.0294658926886178
draft_01362_00045	1.9562602755806964
draft_01362_00053	2.7698404103321037
draft_01362_00054	2.537673448420774
draft_01362_00065	2.8106476552558073
draft_01362_00076	3.0630756448940124
draft_01362_00077	3.367811247753644
draft_01362_00079	2.6193199448464224
draft_01362_00086	2.0079464674053016
draft_01362_00113	3.4032754945427497
