id	error
draft_01362_00019	5.357691785449976
draft_01362_00042	4.430356097578336
draft_01362_00064	5.84097405445779
draft_01362_00068	4.361957621070232
