id	error
draft_01362_00007	1.758848869349817
draft_01362_00063	1.358351230312592
draft_01362_00067	1.6328612954286363
draft_01362_00096	1.6313110523916041
draft_01362_00114	1.9333604565207443
draft_01362_00115	2.291896260759006
draft_01362_00135	1.4567771305101873
draft_01362_00139	1.332651967453054
draft_01362_00152	1.5785707338870498
draft_01362_00154	1.389362075479033
