id	error
draft_01362_00057	5.098918177780634
draft_01362_00060	8.377756369120453
draft_01362_00106	3.384748606669244
draft_01362_00131	3.505139559868807
draft_01362_00201	4.454909790233276
draft_01362_00248	3.555960484958006
draft_01362_00281	5.07592408062024
