id	error
draft_01362_00002	3.565696339514248
draft_01362_00054	1.6511639240846447
draft_01362_00069	1.6809526977318416
draft_01362_00084	2.1742020767402996
