id	error
0412_00001	2.3438682353162243
0412_00004	4.833010264774078
0412_00005	2.0294658926886178
0412_00045	1.9562602755806964
0412_00053	2.7698404103321037
0412_00054	2.537673448420774
0412_00065	2.8106476552558073
0412_00076	3.0630756448940124
0412_00077	3.367811247753644
0412_00079	2.6193199448464224
0412_00086	2.0079464674053016
0412_00113	3.4032754945427497
