id	error
draft_24735_00025	10.572796017258659
draft_24735_00032	10.232079980413339
