id	error
0425_00057	5.098918177780634
0425_00060	8.377756369120453
0425_00106	3.384748606669244
0425_00131	3.505139559868807
0425_00201	4.454909790233276
0425_00248	3.555960484958006
0425_00281	5.07592408062024
