id	error
0397_00012	4.355776955581218
0397_00019	11.999747295686756
0397_00044	4.775850383545675
0397_00169	4.542327539711751
0397_00182	4.445769227567716
0397_00184	4.651107972325631
0397_00191	6.537092402221823
0397_00220	5.5469548741975
0397_00225	6.33568862603115
0397_00254	4.832604851102001
