id	error
0398_00008	6.345095842806036
0398_00018	9.863570788756078
0398_00047	9.230005734744198
0398_00050	10.324998908698689
