id	error
0396_00040	2.2609342202720826
0396_00073	2.2203102228539366
0396_00074	2.3908082984934547
0396_00104	2.0195386633166637
0396_00118	2.6041174718261386
0396_00123	2.0518394851079043
