id	error
0418_00010	4.770313536392441
0418_00014	4.469921592072231
0418_00017	5.772944849177966
0418_00021	5.3689822388224435
0418_00039	4.432694320439646
0418_00040	6.107332481184306
0418_00043	4.9982627431802396
0418_00045	6.006227823524695
0418_00049	8.282889055011491
0418_00051	11.586563420479248
