id	error
draft_45096_00007	1.2069660600901968
draft_45096_00010	2.3839405165090906
