id	error
0261_00013	4.406573197291706
0261_00025	3.7107669030200006
0261_00037	3.7546163195230915
0261_00042	5.158175502173917
0261_00061	2.384999766418982
0261_00066	3.917255243463562
0261_00070	2.5942908651983796
0261_00081	4.789049310455635
0261_00085	4.9349386768685655
