id	error
0414_00027	5.779947431196327
0414_00038	6.227067034020625
0414_00078	7.077704942707246
0414_00118	5.7329326357415376
0414_00125	5.700008102815747
0414_00165	6.060133947234908
0414_00185	9.78214147536118
0414_00189	9.41394653393891
0414_00196	7.202728247209521
0414_00206	5.725406854994937
0414_00218	6.38284583705572
0414_00242	5.771871978304585
0414_00245	5.457653547522632
0414_00246	5.619936973177172
