id	error
0438_00006	14.501284276110038
0438_00013	4.4158000740461585
0438_00051	6.726554718281427
0438_00067	4.279671942623368
0438_00105	4.367419406963986
0438_00135	4.416347870412757
0438_00155	7.841506168011897
0438_00159	4.515543658055364
0438_00172	6.481220501193686
0438_00173	7.794302644621615
0438_00182	8.051159421109423
0438_00204	9.72353492315557
