id	error
draft_23062_00042	8.076488999298205
draft_23062_00058	7.270099799643617
draft_23062_00080	12.29567441189321
