id	error
draft_23062_00019	12.902806124401193
draft_23062_00021	5.415705947760083
draft_23062_00167	5.193688469733152
draft_23062_00169	4.884972544061702
draft_23062_00171	5.738881511008202
draft_23062_00191	5.506523668192743
draft_23062_00215	5.388206564244545
draft_23062_00220	6.318338754744717
draft_23062_00225	6.822926416110267
draft_23062_00236	4.459182212673856
draft_23062_00237	6.087834456487428
draft_23062_00254	5.2152807050175305
