id	error
draft_23062_00001	3.553136731263364
draft_23062_00003	3.898153419672724
draft_23062_00008	4.37227265658025
draft_23062_00026	4.333519572563402
