id	error
draft_23062_00001	1.8743774538377531
draft_23062_00136	1.7824077318015537
