id	error
draft_23062_00021	2.4190262124679762
draft_23062_00044	2.311514805814289
draft_23062_00049	5.170954233000872
