id	error
0408_00005	1.4442234518397394
0408_00029	1.4968496353571343
0408_00071	1.4201801366043663
0408_00077	2.000683043009838
0408_00078	1.540316014590795
