id	error
draft_25135_00040	2.2609342202720826
draft_25135_00073	2.2203102228539366
draft_25135_00074	2.3908082984934547
draft_25135_00104	2.0195386633166637
draft_25135_00118	2.6041174718261386
draft_25135_00123	2.0518394851079043
