id	error
draft_25135_00012	4.355776955581218
draft_25135_00019	11.999747295686756
draft_25135_00044	4.775850383545675
draft_25135_00169	4.542327539711751
draft_25135_00182	4.445769227567716
draft_25135_00184	4.651107972325631
draft_25135_00191	6.537092402221823
draft_25135_00220	5.5469548741975
draft_25135_00225	6.33568862603115
draft_25135_00254	4.832604851102001
