id	error
0428_00001	1.8743774538377531
0428_00136	1.7824077318015537
