id	error
0428_00001	2.1028525319738725
0428_00090	1.7425867953322527
0428_00136	2.366364271307292
