id	error
0428_00001	1.855329629155455
0428_00090	1.5706361701919
0428_00136	1.7093522373411147
0428_00154	1.7055241530997076
