id	error
0400_00189	1.692086484131993
0400_00199	1.5948259145955417
0400_00210	1.5480072456790157
0400_00237	1.4142456577099356
0400_00258	2.210622257943214
0400_00263	1.9668395430613672
0400_00270	1.4212727948077197
0400_00273	1.845387190774137
0400_00353	1.3423736495913519
0400_00360	1.5424770889886814
0400_00362	1.9303840240795485
0400_00433	2.170064035998653
0400_00450	1.5864795121594493
0400_00458	1.5733331451978976
0400_00475	1.400327755532437
