id	error
0411_00001	2.3111998074688023
0411_00012	2.029844469729992
0411_00019	1.139449676767498
