id	error
0052_00070	4.673927913005553
0052_00074	3.826188868059001
0052_00094	5.385027117165379
0052_00099	5.437484259771161
0052_00100	4.089715505638653
0052_00102	5.277902675950511
0052_00103	7.2510179807272515
0052_00104	5.750034516507078
0052_00108	4.918705798776658
