id	error
0431_00019	12.902806124401193
0431_00021	5.415705947760083
0431_00167	5.193688469733152
0431_00169	4.884972544061702
0431_00171	5.738881511008202
0431_00191	5.506523668192743
0431_00215	5.388206564244545
0431_00220	6.318338754744717
0431_00225	6.822926416110267
0431_00236	4.459182212673856
0431_00237	6.087834456487428
0431_00254	5.2152807050175305
