id	error
0431_00114	15.882161355095338
0431_00199	12.7632489473755
0431_00209	15.641986871941455
0431_00211	17.37142247191716
0431_00213	15.074268542715766
0431_00214	13.484432338237507
0431_00215	16.951978207118767
