id	error
draft_45277_00114	15.882161355095338
draft_45277_00199	12.7632489473755
draft_45277_00209	15.641986871941455
draft_45277_00211	17.37142247191716
draft_45277_00213	15.074268542715766
draft_45277_00214	13.484432338237507
draft_45277_00215	16.951978207118767
