id	error
draft_45277_00109	5.897337793212231
draft_45277_00140	5.756892635508652
draft_45277_00143	4.203242360785684
draft_45277_00155	4.57998427104475
draft_45277_00169	4.839764805895033
draft_45277_00211	4.890107896617881
