id	error
draft_45277_00020	15.374067603952454
draft_45277_00029	18.469900838416688
draft_45277_00114	12.611962719078932
draft_45277_00138	14.466885445903248
draft_45277_00204	13.114559841606052
draft_45277_00209	15.759112816486299
draft_45277_00211	17.38470315202316
draft_45277_00213	14.9577110171464
draft_45277_00214	14.986223105153563
draft_45277_00215	15.978811030627913
