id	error
draft_45277_00149	4.4081877105382485
draft_45277_00167	7.45570767646004
draft_45277_00174	4.620707921237733
draft_45277_00181	3.5495949235927755
draft_45277_00190	4.736135759818192
draft_45277_00198	3.6380813011196844
draft_45277_00213	5.219668001995639
draft_45277_00228	3.698087138542915
draft_45277_00239	6.149836861662081
draft_45277_00254	4.202249014378516
draft_45277_00255	4.366366526181462
draft_45277_00261	4.074201719440264
draft_45277_00269	5.251386683968345
