id	error
draft_45277_00212	17.35869695395509
draft_45277_00361	15.833261612419182
draft_45277_00367	16.376034181751777
draft_45277_00371	18.236664256865566
