id	error
draft_45277_00109	4.531284199716709
draft_45277_00119	4.482016907397685
draft_45277_00140	4.891137566411092
draft_45277_00143	4.536460471607417
draft_45277_00155	4.571786446163159
draft_45277_00169	5.503837529373417
draft_45277_00173	4.505168936137668
draft_45277_00201	5.478636426088089
draft_45277_00211	4.8668406264966855
