id	error
draft_52580_00037	6.60693316456035
draft_52580_00059	7.077239649466387
draft_52580_00077	5.558865157583437
draft_52580_00086	8.462888992078815
