id	error
draft_52580_00017	7.4806562330752655
draft_52580_00018	8.078168142159617
draft_52580_00021	4.81448191265482
draft_52580_00029	6.035957976607542
draft_52580_00033	7.15186002619301
draft_52580_00043	4.9616858422646315
draft_52580_00060	11.424566818382706
