id	error
draft_52580_00391	1.288440930767341
draft_52580_00398	1.3395040731239947
draft_52580_00404	1.4089524157418265
draft_52580_00408	1.9733309374313235
draft_52580_00416	1.340687945093539
draft_52580_00422	1.2958204700373357
draft_52580_00442	1.5313901920162205
draft_52580_00456	1.4925648709019579
draft_52580_00549	1.91973847714616
draft_52580_00559	1.5507060998148088
