id	error
draft_52580_00359	1.3858184469745776
draft_52580_00368	1.3620598739761136
draft_52580_00375	1.3432602536343938
draft_52580_00376	1.6779270467661593
draft_52580_00388	1.6640460081860056
draft_52580_00415	1.38768024820275
draft_52580_00424	1.9223931952289846
draft_52580_00467	1.476094747288998
draft_52580_00480	1.3017304015865285
draft_52580_00504	1.3933698885161467
draft_52580_00511	2.113039324438026
draft_52580_00518	1.5928691829835318
draft_52580_00520	1.6933920028501404
