id	error
0433_00109	5.897337793212231
0433_00140	5.756892635508652
0433_00143	4.203242360785684
0433_00155	4.57998427104475
0433_00169	4.839764805895033
0433_00211	4.890107896617881
