id	error
draft_79318_00001	7.822639704241787
draft_79318_00002	7.224165947576429
