id	error
0410_00019	5.357691785449976
0410_00042	4.430356097578336
0410_00064	5.84097405445779
0410_00068	4.361957621070232
