id	error
0427_00042	8.076488999298205
0427_00058	7.270099799643617
0427_00080	12.29567441189321
